/*
 Navicat / MySQL Seed Script
 Project: water-blockchain-platform
 Purpose: 初始化演示账号与模拟业务数据（许可证、合约、水质数据、无人机）

 使用说明：
 1. 先执行 `blockchain.sql` 创建表结构
 2. 再执行当前脚本导入演示数据
 3. 推荐登录账号：`admin` / `123456`，或 `ocean_demo` / `123456`
*/

SET NAMES utf8mb4;
SET FOREIGN_KEY_CHECKS = 0;

USE `blockchain`;

-- ----------------------------
-- 清空旧演示数据
-- ----------------------------
DELETE FROM `water_data`;
DELETE FROM `company_cert`;
DELETE FROM `airplane`;
DELETE FROM `user_contract`;
DELETE FROM `user`;

-- ----------------------------
-- 用户数据
-- 系统设计要求：同一个 userId 下包含 admin / company / manager 三种角色
-- ----------------------------
INSERT INTO `user` (`userId`, `userAccount`, `userPassword`, `userName`, `userRole`, `accountAddress`, `privateKey`) VALUES
(10001, 'admin', '123456', '平台管理员', 'admin', '0x8f0c7d1a9b2e34c5d6f708192a3b4c5d6e7f8101', 'priv_admin_10001_demo_key'),
(10001, 'admin', '123456', '蓝海养殖企业', 'company', '0x21b7c4f90d8e7a6b5c4d3e2f1098a7b6c5d4e321', 'priv_company_10001_demo_key'),
(10001, 'admin', '123456', '海洋环保监管局', 'manager', '0xa18e24c76d9f00b7c3e12f4a98b65d71c2ef9043', 'priv_manager_10001_demo_key'),
(10002, 'ocean_demo', '123456', '演示管理员', 'admin', '0x734f91ab28c0d7e56a91bc2de3f4019283746abc', 'priv_admin_10002_demo_key'),
(10002, 'ocean_demo', '123456', '远洋养殖企业', 'company', '0xb215d4e67a0f9321cd84e77a01bc9e8234576fed', 'priv_company_10002_demo_key'),
(10002, 'ocean_demo', '123456', '沿海监管中心', 'manager', '0xc9012de45ab67f83910bc45de67f89012ab34cde', 'priv_manager_10002_demo_key');

-- ----------------------------
-- 合约绑定数据
-- contractType 固定为“水质”
-- ----------------------------
INSERT INTO `user_contract` (`userId`, `contractType`, `contractName`, `contractAddress`, `contractAbi`, `contractBin`) VALUES
(10001, '水质', '海水环境监管合约', '0xWATERCONTRACT0001', '[]', '6080604052348015600f57600080fd5b5060a08061001d6000396000f3fe'),
(10002, '水质', '海洋环保演示合约', '0xWATERCONTRACT0002', '[]', '6080604052348015600f57600080fd5b5060a08061001d6000396000f3fe');

-- ----------------------------
-- 企业许可证数据
-- status: 0 待审批，1 已上链，2 不通过
-- 这里使用仓库里已有上传图片路径，前端预览可直接显示
-- ----------------------------
INSERT INTO `company_cert` (`id`, `userId`, `imageUrl`, `status`, `createTime`) VALUES
(1, 10001, '/upload/2026/04/01/许可证_20260401161311A001.png', 1, '2026-04-01 16:15:00'),
(2, 10001, '/upload/2026/04/01/许可证_20260401162036A001.png', 0, '2026-04-01 16:22:00'),
(3, 10001, '/upload/2026/04/01/许可证_20260401162229A001.png', 2, '2026-04-01 16:25:00'),
(4, 10002, '/upload/2026/04/02/许可证_20260402151006A001.png', 1, '2026-04-02 15:12:00'),
(5, 10002, '/upload/2026/04/02/许可证_20260402164147A001.png', 0, '2026-04-02 16:42:00'),
(6, 10002, '/upload/2026/04/02/许可证_20260402164535A002.png', 2, '2026-04-02 16:46:00');

-- ----------------------------
-- 水质数据
-- dataType: 0 = TDS, 1 = 浑浊度
-- isOnChain: 0 未上链, 1 已上链
-- ----------------------------
INSERT INTO `water_data` (`id`, `userId`, `dataType`, `data`, `status`, `hash`, `isOnChain`, `time`) VALUES
(1001, 10001, 1, '1.26', '正常', NULL, 0, '2026-04-03 08:10:00'),
(1002, 10001, 1, '1.34', '正常', NULL, 0, '2026-04-03 10:20:00'),
(1003, 10001, 1, '2.85', '异常', '0xwaterhash1003', 1, '2026-04-03 12:30:00'),
(1004, 10001, 1, '1.11', '正常', NULL, 0, '2026-04-03 14:00:00'),
(1005, 10001, 1, '3.40', '异常', NULL, 0, '2026-04-03 15:20:00'),
(1006, 10001, 1, '1.48', '正常', '0xwaterhash1006', 1, '2026-04-03 17:10:00'),
(1007, 10001, 1, '1.62', '正常', NULL, 0, '2026-04-04 08:20:00'),
(1008, 10001, 1, '2.91', '异常', NULL, 0, '2026-04-04 10:35:00'),
(1009, 10001, 1, '1.18', '正常', NULL, 0, '2026-04-04 11:40:00'),
(1010, 10001, 1, '1.30', '正常', '0xwaterhash1010', 1, '2026-04-04 13:15:00'),
(1011, 10001, 1, '3.05', '异常', NULL, 0, '2026-04-04 15:30:00'),
(1012, 10001, 1, '1.22', '正常', NULL, 0, '2026-04-04 18:00:00'),
(1013, 10001, 0, '380', '正常', NULL, 0, '2026-04-03 08:12:00'),
(1014, 10001, 0, '392', '正常', NULL, 0, '2026-04-03 10:24:00'),
(1015, 10001, 0, '468', '异常', '0xwaterhash1015', 1, '2026-04-03 12:32:00'),
(1016, 10001, 0, '401', '正常', NULL, 0, '2026-04-03 14:03:00'),
(1017, 10001, 0, '510', '异常', NULL, 0, '2026-04-03 15:24:00'),
(1018, 10001, 0, '388', '正常', '0xwaterhash1018', 1, '2026-04-03 17:12:00'),
(1019, 10001, 0, '395', '正常', NULL, 0, '2026-04-04 08:25:00'),
(1020, 10001, 0, '482', '异常', NULL, 0, '2026-04-04 10:38:00'),
(1021, 10001, 0, '377', '正常', NULL, 0, '2026-04-04 11:44:00'),
(1022, 10001, 0, '389', '正常', '0xwaterhash1022', 1, '2026-04-04 13:18:00'),
(1023, 10001, 0, '530', '异常', NULL, 0, '2026-04-04 15:36:00'),
(1024, 10001, 0, '384', '正常', NULL, 0, '2026-04-04 18:04:00'),
(1025, 10002, 1, '1.40', '正常', NULL, 0, '2026-04-03 09:10:00'),
(1026, 10002, 1, '2.72', '异常', NULL, 0, '2026-04-03 11:20:00'),
(1027, 10002, 1, '1.19', '正常', '0xwaterhash1027', 1, '2026-04-03 16:10:00'),
(1028, 10002, 0, '372', '正常', NULL, 0, '2026-04-03 09:15:00'),
(1029, 10002, 0, '455', '异常', NULL, 0, '2026-04-03 11:28:00'),
(1030, 10002, 0, '381', '正常', '0xwaterhash1030', 1, '2026-04-03 16:18:00');

-- ----------------------------
-- 无人机演示数据
-- ----------------------------
INSERT INTO `airplane` (`id`, `userId`, `name`, `createTime`) VALUES
(1, 10001, '巡检无人机-A01', '2026-04-01 09:30:00'),
(2, 10001, '巡检无人机-A02', '2026-04-02 10:00:00'),
(3, 10002, '海岸巡航机-B01', '2026-04-02 14:20:00');

SET FOREIGN_KEY_CHECKS = 1;
